{"cameraMode":{"drawMode":0,"name":"Shaded","section":"Shading Mode"},"sceneLighting":true,"audioPlay":false,"sceneViewState":{"m_AlwaysRefresh":false,"showFog":true,"showSkybox":true,"showFlares":true,"showImageEffects":true,"showParticleSystems":true,"showVisualEffectGraphs":true,"m_FxEnabled":true},"in2DMode":false,"pivot":{"x":3.341499090194702,"y":-6.699250221252441,"z":32.31379699707031},"rotation":{"x":0.17419308423995973,"y":0.0378040075302124,"z":-0.006687166169285774,"w":0.9840075969696045},"size":27.177719116210939,"orthographic":false}