{"cameraMode":{"drawMode":0,"name":"Shaded","section":"Shading Mode"},"sceneLighting":true,"audioPlay":false,"sceneViewState":{"m_AlwaysRefresh":false,"showFog":true,"showSkybox":true,"showFlares":true,"showImageEffects":true,"showParticleSystems":true,"showVisualEffectGraphs":true,"m_FxEnabled":true},"in2DMode":false,"pivot":{"x":7.405394077301025,"y":1.3882339000701905,"z":6.917398452758789},"rotation":{"x":0.019688060507178308,"y":0.11045574396848679,"z":-0.0021793709602206947,"w":0.9937262535095215},"size":10.790404319763184,"orthographic":false}