{"cameraMode":{"drawMode":0,"name":"Shaded","section":"Shading Mode"},"sceneLighting":false,"audioPlay":false,"sceneViewState":{"m_AlwaysRefresh":false,"showFog":true,"showSkybox":false,"showFlares":true,"showImageEffects":true,"showParticleSystems":true,"showVisualEffectGraphs":true,"m_FxEnabled":true},"in2DMode":false,"pivot":{"x":0.1235823780298233,"y":0.482662558555603,"z":0.4604008197784424},"rotation":{"x":0.3164326548576355,"y":-0.03670024499297142,"z":0.012262686155736447,"w":0.9478501081466675},"size":1.658312439918518,"orthographic":false}